epoch,task_a_mae,task_b_acc,task_b_f1
1,14.945344,0.7167919799498746,0.0
2,4.1321516,0.7543859649122807,0.3466666666666667
3,3.1764512,0.7644110275689223,0.41975308641975306
4,2.9261742,0.7794486215538847,0.5111111111111111
5,2.7806754,0.7894736842105263,0.5670103092783505
6,2.7114973,0.7844611528822055,0.57
7,2.6721117,0.7844611528822055,0.57
8,2.6407137,0.7844611528822055,0.5742574257425742
9,2.6151438,0.7869674185463659,0.5812807881773399
10,2.5893793,0.7844611528822055,0.5784313725490197
