{
  "baseline": {
    "task_a": {
      "mae": 1.6462671756744385
    },
    "task_b": {
      "accuracy": 0.7669172932330827,
      "f1_score": 0.6759581881533101
    }
  },
  "pcgrad": {
    "task_a": {
      "mae": 2.22373104095459
    },
    "task_b": {
      "accuracy": 0.7694235588972431,
      "f1_score": 0.6805555555555556
    }
  }
}