{
  "baseline": {
    "task_a": {
      "mae": 2.58937931060791
    },
    "task_b": {
      "accuracy": 0.7844611528822055,
      "f1_score": 0.5784313725490197
    }
  },
  "pcgrad": {
    "task_a": {
      "mae": 2.5094430446624756
    },
    "task_b": {
      "accuracy": 0.7869674185463659,
      "f1_score": 0.5771144278606966
    }
  }
}