{
  "baseline": {
    "task_a": {
      "mae": 2.146775007247925
    },
    "task_b": {
      "accuracy": 0.7944862155388471,
      "f1_score": 0.6771653543307087
    }
  },
  "pcgrad": {
    "task_a": {
      "mae": 1.4297804832458496
    },
    "task_b": {
      "accuracy": 0.7819548872180451,
      "f1_score": 0.6741573033707865
    }
  }
}