{
  "baseline": {
    "task_a": {
      "mae": 2.3225996494293213
    },
    "task_b": {
      "accuracy": 0.7894736842105263,
      "f1_score": 0.6956521739130435
    }
  },
  "pcgrad": {
    "task_a": {
      "mae": 2.9382741451263428
    },
    "task_b": {
      "accuracy": 0.7844611528822055,
      "f1_score": 0.6791044776119403
    }
  }
}